/*
SQLyog Ultimate v10.00 Beta1
MySQL - 5.6.11 : Database - simkeurba
*********************************************************************
*/

/*!40101 SET NAMES utf8 */;

/*!40101 SET SQL_MODE=''*/;

/*!40014 SET @OLD_UNIQUE_CHECKS=@@UNIQUE_CHECKS, UNIQUE_CHECKS=0 */;
/*!40014 SET @OLD_FOREIGN_KEY_CHECKS=@@FOREIGN_KEY_CHECKS, FOREIGN_KEY_CHECKS=0 */;
/*!40101 SET @OLD_SQL_MODE=@@SQL_MODE, SQL_MODE='NO_AUTO_VALUE_ON_ZERO' */;
/*!40111 SET @OLD_SQL_NOTES=@@SQL_NOTES, SQL_NOTES=0 */;
CREATE DATABASE /*!32312 IF NOT EXISTS*/`simkeurba` /*!40100 DEFAULT CHARACTER SET latin1 */;

USE `simkeurba`;

/*Table structure for table `program_studi` */

DROP TABLE IF EXISTS `program_studi`;

CREATE TABLE `program_studi` (
  `prodiKode` int(11) NOT NULL AUTO_INCREMENT,
  `prodiKodeUm` varchar(10) DEFAULT NULL,
  `prodiKodeUniv` varchar(10) DEFAULT NULL,
  `prodiLabelNim` varchar(5) DEFAULT NULL,
  `prodiJurKode` smallint(6) DEFAULT NULL,
  `prodiFakKode` smallint(6) DEFAULT NULL,
  `prodiNamaResmi` varchar(255) NOT NULL DEFAULT '',
  `prodiRegulerMulai` int(11) DEFAULT NULL,
  `prodiNonRegulerMulai` int(11) DEFAULT NULL,
  `prodiNamaSingkat` varchar(255) DEFAULT NULL,
  `prodiNamaAsing` varchar(255) DEFAULT NULL,
  `prodiNamaAsingSingkat` varchar(255) DEFAULT NULL,
  `prodiIsEksakta` tinyint(1) unsigned DEFAULT NULL,
  `prodiNamaJenjang` varchar(255) DEFAULT NULL,
  `prodiJjarKode` varchar(10) DEFAULT NULL,
  `prodiModelrId` smallint(6) DEFAULT NULL,
  `prodiSksLulus` smallint(6) DEFAULT NULL,
  `prodiAlamat` varchar(255) DEFAULT NULL,
  `prodiTelp` varchar(100) DEFAULT NULL,
  `prodiFax` varchar(100) DEFAULT NULL,
  `prodiEmail` varchar(100) DEFAULT NULL,
  `prodiWebsite` varchar(255) DEFAULT NULL,
  `prodiKontakPerson` varchar(255) DEFAULT NULL,
  `prodiNomorSkDikti` varchar(50) DEFAULT NULL,
  `prodiTanggalSkDikti` date DEFAULT NULL,
  `prodiTanggalBerakhirSkDikti` date DEFAULT NULL,
  `prodiProdidiktiKode` varchar(10) DEFAULT NULL,
  `prodiTanggalBerdiri` date DEFAULT NULL,
  `prodiStprodidikrId` smallint(6) DEFAULT NULL,
  `prodiSahrKode` char(1) DEFAULT NULL,
  `prodiSemIdStatusDihapus` bigint(20) DEFAULT NULL,
  `prodiFpkrKode` char(1) DEFAULT NULL,
  `prodiPpkrKode` char(1) DEFAULT NULL,
  `prodiKetuaProdiNidn` varchar(50) DEFAULT NULL,
  `prodiKetuaProdiNama` varchar(255) DEFAULT NULL,
  `prodiKetuaProdiNoHp` varchar(50) DEFAULT NULL,
  `prodiOperatorNama` varchar(100) DEFAULT NULL,
  `prodiOperatorNoHp` varchar(50) DEFAULT NULL,
  `prodiIsDalamSatuanAdministrasi` int(11) DEFAULT NULL,
  `prodiGelarKelulusan` varchar(10) DEFAULT NULL,
  `prodiNamaLama` varchar(255) DEFAULT NULL,
  `prodiParent` int(11) DEFAULT NULL,
  PRIMARY KEY (`prodiKode`),
  UNIQUE KEY `prodiUniqueKey` (`prodiKodeUm`,`prodiJjarKode`,`prodiModelrId`),
  KEY `prodiJurKode` (`prodiJurKode`),
  KEY `prodiJjarKode` (`prodiJjarKode`),
  KEY `prodiModelrId` (`prodiModelrId`),
  KEY `prodiStprodidikrId` (`prodiStprodidikrId`),
  KEY `prodiProdidiktiKode` (`prodiProdidiktiKode`),
  KEY `prodiFakKode` (`prodiFakKode`),
  KEY `prodiFpkrKode` (`prodiFpkrKode`),
  KEY `prodiPpkrKode` (`prodiPpkrKode`),
  KEY `prodiSahrKode` (`prodiSahrKode`)
) ENGINE=InnoDB AUTO_INCREMENT=164 DEFAULT CHARSET=latin1;

/*Data for the table `program_studi` */

insert  into `program_studi`(`prodiKode`,`prodiKodeUm`,`prodiKodeUniv`,`prodiLabelNim`,`prodiJurKode`,`prodiFakKode`,`prodiNamaResmi`,`prodiRegulerMulai`,`prodiNonRegulerMulai`,`prodiNamaSingkat`,`prodiNamaAsing`,`prodiNamaAsingSingkat`,`prodiIsEksakta`,`prodiNamaJenjang`,`prodiJjarKode`,`prodiModelrId`,`prodiSksLulus`,`prodiAlamat`,`prodiTelp`,`prodiFax`,`prodiEmail`,`prodiWebsite`,`prodiKontakPerson`,`prodiNomorSkDikti`,`prodiTanggalSkDikti`,`prodiTanggalBerakhirSkDikti`,`prodiProdidiktiKode`,`prodiTanggalBerdiri`,`prodiStprodidikrId`,`prodiSahrKode`,`prodiSemIdStatusDihapus`,`prodiFpkrKode`,`prodiPpkrKode`,`prodiKetuaProdiNidn`,`prodiKetuaProdiNama`,`prodiKetuaProdiNoHp`,`prodiOperatorNama`,`prodiOperatorNoHp`,`prodiIsDalamSatuanAdministrasi`,`prodiGelarKelulusan`,`prodiNamaLama`,`prodiParent`) values (1,'1','503344','01015',NULL,1,'EKONOMI PEMBANGUNAN',1,161,NULL,NULL,NULL,NULL,NULL,'S1',1,NULL,NULL,NULL,NULL,NULL,NULL,NULL,NULL,NULL,NULL,NULL,NULL,NULL,NULL,NULL,NULL,NULL,NULL,NULL,NULL,NULL,NULL,1011001,'S.E',NULL,0),(2,'2','500101','01015',NULL,1,'EKONOMI PEMBANGUNAN konsentrasi PERENCANAAN PEMBANGUNAN DAN KEUANGAN DAERAH',NULL,131,'','',NULL,NULL,NULL,'S1',0,0,'','','','','','','4468/D/T/K-N/2010','2005-09-30','2010-09-30','60201','2005-09-30',NULL,'A',20051,'F','A','0024126705',NULL,'054174454','','',1011001,NULL,NULL,1),(3,'3','500104','01045',NULL,1,'EKONOMI ISLAM',NULL,1,NULL,NULL,NULL,NULL,NULL,'S1',1,NULL,NULL,NULL,NULL,NULL,NULL,NULL,NULL,NULL,NULL,NULL,NULL,NULL,NULL,NULL,NULL,NULL,NULL,NULL,NULL,NULL,NULL,1011001,NULL,NULL,NULL),(4,'4','503441','01025',NULL,1,'MANAJEMEN',1,241,'','',NULL,NULL,NULL,'S1',0,0,'','','','','','','125/H17/1995','1996-01-10','1997-01-10','61201','1995-01-13',NULL,'A',20121,'A','A','0010126810',NULL,'0541744545','coba','08123456789',1011001,NULL,NULL,NULL),(5,'5','500102','01025',NULL,1,'MANAJEMEN konsentrasi MANAJEMEN KEUANGAN',NULL,311,NULL,NULL,NULL,NULL,NULL,'S1',1,NULL,NULL,NULL,NULL,NULL,NULL,NULL,NULL,NULL,NULL,NULL,NULL,NULL,NULL,NULL,NULL,NULL,NULL,NULL,NULL,NULL,NULL,1011001,NULL,NULL,4),(6,'6','503843','01035',NULL,1,'AKUNTANSI',1,241,NULL,NULL,NULL,NULL,NULL,'S1',1,NULL,NULL,NULL,NULL,NULL,NULL,NULL,NULL,NULL,NULL,NULL,NULL,NULL,NULL,NULL,NULL,NULL,NULL,NULL,NULL,NULL,NULL,1011001,NULL,NULL,NULL),(7,'7','500103','01035',NULL,1,'AKUNTANSI konsentrasi AKUNTANSI PEMERINTAHAN',NULL,331,NULL,NULL,NULL,NULL,NULL,'S1',1,NULL,NULL,NULL,NULL,NULL,NULL,NULL,NULL,NULL,NULL,NULL,NULL,NULL,NULL,NULL,NULL,NULL,NULL,NULL,NULL,NULL,NULL,1011001,NULL,NULL,6),(8,'8','503431','01033',NULL,1,'AKUNTANSI (D3)',1,1,NULL,NULL,NULL,NULL,NULL,'D3',1,NULL,NULL,NULL,NULL,NULL,NULL,NULL,NULL,NULL,NULL,NULL,NULL,NULL,NULL,NULL,NULL,NULL,NULL,NULL,NULL,NULL,NULL,1011001,NULL,NULL,NULL),(9,'9','503432','01033',NULL,1,'AKUNTANSI konsentrasi AKUNTANSI PERPAJAKAN (D3)',NULL,NULL,NULL,NULL,NULL,NULL,NULL,'D3',1,NULL,NULL,NULL,NULL,NULL,NULL,NULL,NULL,NULL,NULL,NULL,NULL,NULL,NULL,NULL,NULL,NULL,NULL,NULL,NULL,NULL,NULL,1011001,NULL,NULL,8),(10,'10','503433','01033',NULL,1,'AKUNTANSI konsentrasi AKUNTANSI PERBANKAN (D3)',NULL,NULL,NULL,NULL,NULL,NULL,NULL,'D3',1,NULL,NULL,NULL,NULL,NULL,NULL,NULL,NULL,NULL,NULL,NULL,NULL,NULL,NULL,NULL,NULL,NULL,NULL,NULL,NULL,NULL,NULL,1011001,NULL,NULL,8),(11,'11','503545','02015',NULL,2,'ADMINISTRASI PUBLIK',1,121,NULL,NULL,NULL,NULL,NULL,'S1',1,NULL,NULL,NULL,NULL,NULL,NULL,NULL,NULL,NULL,NULL,NULL,NULL,NULL,NULL,NULL,NULL,NULL,NULL,NULL,NULL,NULL,NULL,1011001,NULL,'ADMINISTRASI NEGARA',NULL),(13,'13','500202','02025',NULL,2,'STUDI PEMERINTAHAN konsentrasi PEMERINTAHAN INTEGRATIF',NULL,201,NULL,NULL,NULL,NULL,NULL,'S1',1,NULL,NULL,NULL,NULL,NULL,NULL,NULL,NULL,NULL,NULL,NULL,NULL,NULL,NULL,NULL,NULL,NULL,NULL,NULL,NULL,NULL,NULL,1011001,NULL,'ILMU PEMERINTAHAN konsentrasi PEMERINTAHAN INTEGRATIF',NULL),(14,'14','503746','02035',NULL,2,'PEMBANGUNAN SOSIAL',1,NULL,NULL,NULL,NULL,NULL,NULL,'S1',1,NULL,NULL,NULL,NULL,NULL,NULL,NULL,NULL,NULL,NULL,NULL,NULL,NULL,NULL,NULL,NULL,NULL,NULL,NULL,NULL,NULL,NULL,1011001,NULL,'ILMU SOSIATRI ',NULL),(15,'15','500205','02035',NULL,2,'PEMBANGUNAN SOSIAL kosentrasi SOSIOLOGI',NULL,61,NULL,NULL,NULL,NULL,NULL,'S1',1,NULL,NULL,NULL,NULL,NULL,NULL,NULL,NULL,NULL,NULL,NULL,NULL,NULL,NULL,NULL,NULL,NULL,NULL,NULL,NULL,NULL,NULL,1011001,NULL,'ILMU SOSIATRI kosentrasi SOSIOLOGI',14),(17,'17','504146','02055',NULL,2,'ILMU KOMUNIKASI',1,121,NULL,NULL,NULL,NULL,NULL,'S1',1,NULL,NULL,NULL,NULL,NULL,NULL,NULL,NULL,NULL,NULL,NULL,NULL,NULL,NULL,NULL,NULL,NULL,NULL,NULL,NULL,NULL,NULL,1011001,NULL,NULL,NULL),(18,'18','503643','02063',NULL,2,'SEKRETARI',NULL,NULL,NULL,NULL,NULL,NULL,NULL,'D3',1,NULL,NULL,NULL,NULL,NULL,NULL,NULL,NULL,NULL,NULL,NULL,NULL,NULL,NULL,NULL,NULL,NULL,NULL,NULL,NULL,NULL,NULL,1011001,NULL,NULL,NULL),(19,'19','503646','02073',NULL,2,'ADMINISTRASI PERKANTORAN',NULL,1,NULL,NULL,NULL,NULL,NULL,'D3',1,NULL,NULL,NULL,NULL,NULL,NULL,NULL,NULL,NULL,NULL,NULL,NULL,NULL,NULL,NULL,NULL,NULL,NULL,NULL,NULL,NULL,NULL,1011001,NULL,NULL,NULL),(20,'20','503644','02083',NULL,2,'ADMINISTRASI BISNIS/NIAGA',NULL,NULL,NULL,NULL,NULL,NULL,NULL,'D3',1,NULL,NULL,NULL,NULL,NULL,NULL,NULL,NULL,NULL,NULL,NULL,NULL,NULL,NULL,NULL,NULL,NULL,NULL,NULL,NULL,NULL,NULL,1011001,NULL,NULL,NULL),(21,'21','503645','02083',NULL,2,'ILMU ADMINISTRASI BISNIS konsentrasi PARIWISATA',NULL,NULL,NULL,NULL,NULL,NULL,NULL,'D3',1,NULL,NULL,NULL,NULL,NULL,NULL,NULL,NULL,NULL,NULL,NULL,NULL,NULL,NULL,NULL,NULL,NULL,NULL,NULL,NULL,NULL,NULL,1011001,NULL,NULL,NULL),(22,'22','503648','02095',NULL,2,'ADMINISTRASI BISNIS',1,111,NULL,NULL,NULL,NULL,NULL,'S1',1,NULL,NULL,NULL,NULL,NULL,NULL,NULL,NULL,NULL,NULL,NULL,NULL,NULL,NULL,NULL,NULL,NULL,NULL,NULL,NULL,NULL,NULL,1011001,NULL,NULL,NULL),(23,'23','500206','02105',NULL,2,'PSIKOLOGI',1,91,NULL,NULL,NULL,NULL,NULL,'S1',1,NULL,NULL,NULL,NULL,NULL,NULL,NULL,NULL,NULL,NULL,NULL,NULL,NULL,NULL,NULL,NULL,NULL,NULL,NULL,NULL,NULL,NULL,1011001,NULL,NULL,NULL),(24,'24','503046','03015',NULL,3,'AGROEKOTEKNOLOGI',1,141,NULL,NULL,NULL,NULL,NULL,'S1',1,NULL,NULL,NULL,NULL,NULL,NULL,NULL,NULL,NULL,NULL,NULL,NULL,NULL,NULL,NULL,NULL,NULL,NULL,NULL,NULL,NULL,NULL,1011001,NULL,NULL,NULL),(25,'25','502944','03025',NULL,3,'AGRIBISNIS',1,NULL,NULL,NULL,NULL,NULL,NULL,'S1',1,NULL,NULL,NULL,NULL,NULL,NULL,NULL,NULL,NULL,NULL,NULL,NULL,NULL,NULL,NULL,NULL,NULL,NULL,NULL,NULL,NULL,NULL,1011001,NULL,NULL,NULL),(26,'26','502445','03035',NULL,3,'TEKNOLOGI HASIL PERTANIAN',1,141,NULL,NULL,NULL,NULL,NULL,'S1',1,NULL,NULL,NULL,NULL,NULL,NULL,NULL,NULL,NULL,NULL,NULL,NULL,NULL,NULL,NULL,NULL,NULL,NULL,NULL,NULL,NULL,NULL,1011001,NULL,NULL,NULL),(27,'27','501351','03043',NULL,3,'BUDIDAYA TANAMAN PERKEBUNAN',NULL,NULL,NULL,NULL,NULL,NULL,NULL,'D3',1,NULL,NULL,NULL,NULL,NULL,NULL,NULL,NULL,NULL,NULL,NULL,NULL,NULL,NULL,NULL,NULL,NULL,NULL,NULL,NULL,NULL,NULL,1011001,NULL,NULL,NULL),(28,'28','500304','03055',NULL,3,'PETERNAKAN',1,NULL,NULL,NULL,NULL,NULL,NULL,'S1',1,NULL,NULL,NULL,NULL,NULL,NULL,NULL,NULL,NULL,NULL,NULL,NULL,NULL,NULL,NULL,NULL,NULL,NULL,NULL,NULL,NULL,NULL,1011001,NULL,NULL,NULL),(29,'29','500648',NULL,NULL,4,'KEHUTANAN',NULL,NULL,NULL,NULL,NULL,NULL,NULL,'S1',1,NULL,NULL,NULL,NULL,NULL,NULL,NULL,NULL,NULL,NULL,NULL,NULL,NULL,NULL,NULL,NULL,NULL,NULL,NULL,NULL,NULL,NULL,1011001,NULL,NULL,NULL),(30,'30','502043','05015',NULL,5,'PENDIDIKAN BIOLOGI',1,51,NULL,NULL,NULL,NULL,NULL,'S1',1,NULL,NULL,NULL,NULL,NULL,NULL,NULL,NULL,NULL,NULL,NULL,NULL,NULL,NULL,NULL,NULL,NULL,NULL,NULL,NULL,NULL,NULL,1011001,NULL,NULL,NULL),(31,'31','502341','05025',NULL,5,'PENDIDIKAN KIMIA',1,61,NULL,NULL,NULL,NULL,NULL,'S1',1,NULL,NULL,NULL,NULL,NULL,NULL,NULL,NULL,NULL,NULL,NULL,NULL,NULL,NULL,NULL,NULL,NULL,NULL,NULL,NULL,NULL,NULL,1011001,NULL,NULL,NULL),(32,'32','502244','05035',NULL,5,'PENDIDIKAN FISIKA',1,61,NULL,NULL,NULL,NULL,NULL,'S1',1,NULL,NULL,NULL,NULL,NULL,NULL,NULL,NULL,NULL,NULL,NULL,NULL,NULL,NULL,NULL,NULL,NULL,NULL,NULL,NULL,NULL,NULL,1011001,NULL,NULL,NULL),(33,'33','502147','05045',NULL,5,'PENDIDIKAN MATEMATIKA',1,61,NULL,NULL,NULL,NULL,NULL,'S1',1,NULL,NULL,NULL,NULL,NULL,NULL,NULL,NULL,NULL,NULL,NULL,NULL,NULL,NULL,NULL,NULL,NULL,NULL,NULL,NULL,NULL,NULL,1011001,NULL,NULL,NULL),(34,'34','500503','05045',NULL,5,'PENDIDIKAN MATEMATIKA konsentrasi PENDIDIKAN ILMU KOMPUTER',NULL,91,NULL,NULL,NULL,NULL,NULL,'S1',1,NULL,NULL,NULL,NULL,NULL,NULL,NULL,NULL,NULL,NULL,NULL,NULL,NULL,NULL,NULL,NULL,NULL,NULL,NULL,NULL,NULL,NULL,1011001,NULL,NULL,33),(35,'35','506242','05055',NULL,5,'P P K N',1,51,NULL,NULL,NULL,NULL,NULL,'S1',1,NULL,NULL,NULL,NULL,NULL,NULL,NULL,NULL,NULL,NULL,NULL,NULL,NULL,NULL,NULL,NULL,NULL,NULL,NULL,NULL,NULL,NULL,1011001,NULL,NULL,NULL),(36,'36','506346','05065',NULL,5,'PENDIDIKAN EKONOMI',1,51,NULL,NULL,NULL,NULL,NULL,'S1',1,NULL,NULL,NULL,NULL,NULL,NULL,NULL,NULL,NULL,NULL,NULL,NULL,NULL,NULL,NULL,NULL,NULL,NULL,NULL,NULL,NULL,NULL,1011001,NULL,NULL,NULL),(37,'37','509043','05075',NULL,5,'PENDIDIKAN BAHASA INDONESIA',1,81,NULL,NULL,NULL,NULL,NULL,'S1',1,NULL,NULL,NULL,NULL,NULL,NULL,NULL,NULL,NULL,NULL,NULL,NULL,NULL,NULL,NULL,NULL,NULL,NULL,NULL,NULL,NULL,NULL,1011001,NULL,NULL,NULL),(38,'38','509147','05085',NULL,5,'PENDIDIKAN BAHASA INGGRIS',1,101,NULL,NULL,NULL,NULL,NULL,'S1',1,NULL,NULL,NULL,NULL,NULL,NULL,NULL,NULL,NULL,NULL,NULL,NULL,NULL,NULL,NULL,NULL,NULL,NULL,NULL,NULL,NULL,NULL,1011001,NULL,NULL,NULL),(39,'39','506443','05095',NULL,5,'PENDIDIKAN BIMBINGAN KONSELING',1,51,NULL,NULL,NULL,NULL,NULL,'S1',1,NULL,NULL,NULL,NULL,NULL,NULL,NULL,NULL,NULL,NULL,NULL,NULL,NULL,NULL,NULL,NULL,NULL,NULL,NULL,NULL,NULL,NULL,1011001,NULL,NULL,NULL),(40,'40','500502','05135',NULL,5,'PENDIDIKAN NONFORMAL',1,21,NULL,NULL,NULL,NULL,NULL,'S1',1,NULL,NULL,NULL,NULL,NULL,NULL,NULL,NULL,NULL,NULL,NULL,NULL,NULL,NULL,NULL,NULL,NULL,NULL,NULL,NULL,NULL,NULL,1011001,NULL,'PENDIDIKAN LUAR SEKOLAH',NULL),(41,'41','506547','05105',NULL,5,'PENDIDIKAN OLAHRAGA',1,61,NULL,NULL,NULL,NULL,NULL,'S1',1,NULL,NULL,NULL,NULL,NULL,NULL,NULL,NULL,NULL,NULL,NULL,NULL,NULL,NULL,NULL,NULL,NULL,NULL,NULL,NULL,NULL,NULL,1011001,NULL,'PENDIDIKAN JASMANI, KESEHATAN & REKREASI',NULL),(42,'42','509646','05115',NULL,5,'P G S D',1,111,NULL,NULL,NULL,NULL,NULL,'S1',1,NULL,NULL,NULL,NULL,NULL,NULL,NULL,NULL,NULL,NULL,NULL,NULL,NULL,NULL,NULL,NULL,NULL,NULL,NULL,NULL,NULL,NULL,1011001,NULL,NULL,NULL),(43,'43','500504\r\n','05125',NULL,5,'PENDIDIKAN ANAK USIA DINI',1,51,NULL,NULL,NULL,NULL,NULL,'S1',1,NULL,NULL,NULL,NULL,NULL,NULL,NULL,NULL,NULL,NULL,NULL,NULL,NULL,NULL,NULL,NULL,NULL,NULL,NULL,NULL,NULL,NULL,1011001,NULL,NULL,NULL),(44,'44','500841','06015',NULL,6,'AKUAKULTUR',1,71,NULL,NULL,NULL,NULL,NULL,'S1',1,NULL,NULL,NULL,NULL,NULL,NULL,NULL,NULL,NULL,NULL,NULL,NULL,NULL,NULL,NULL,NULL,NULL,NULL,NULL,NULL,NULL,NULL,1011001,NULL,'BUDIDAYA PERAIRAN',NULL),(45,'45','500602','06015',NULL,6,'AKUAKULTUR konsentrasi TEKNOLOGI HASIL PERIKANAN',NULL,91,NULL,NULL,NULL,NULL,NULL,'S1',1,NULL,NULL,NULL,NULL,NULL,NULL,NULL,NULL,NULL,NULL,NULL,NULL,NULL,NULL,NULL,NULL,NULL,NULL,NULL,NULL,NULL,NULL,1011001,NULL,'BUDIDAYA PERAIRAN konsentrasi TEKNOLOGI HASIL PERIKANAN',44),(46,'46','501047','06025',NULL,6,'SOSIOEKONOMIK PERIKANAN',1,181,NULL,NULL,NULL,NULL,NULL,'S1',1,NULL,NULL,NULL,NULL,NULL,NULL,NULL,NULL,NULL,NULL,NULL,NULL,NULL,NULL,NULL,NULL,NULL,NULL,NULL,NULL,NULL,NULL,1011001,NULL,'AGROBISNIS PERIKANAN',NULL),(47,'47','500945','06035',NULL,6,'SUMBER DAYA AKUATIK\r\n',1,61,NULL,NULL,NULL,NULL,NULL,'S1',1,NULL,NULL,NULL,NULL,NULL,NULL,NULL,NULL,NULL,NULL,NULL,NULL,NULL,NULL,NULL,NULL,NULL,NULL,NULL,NULL,NULL,NULL,1011001,NULL,'MANAJEMEN SUMBERDAYA PERAIRAN',NULL),(48,'48','500703','06035',NULL,6,'SUMBER DAYA AKUATIK konsentrasi ILMU DAN TEKNOLOGI KELAUTAN',NULL,91,NULL,NULL,NULL,NULL,NULL,'S1',1,NULL,NULL,NULL,NULL,NULL,NULL,NULL,NULL,NULL,NULL,NULL,NULL,NULL,NULL,NULL,NULL,NULL,NULL,NULL,NULL,NULL,NULL,1011001,NULL,'MANAJEMEN SUMBERDAYA PERAIRAN konsentrasi ILMU DAN TEKNOLOGI KELAUTAN',47),(49,'49','501844','07015',NULL,8,'STATISTIKA',1,51,'','',NULL,NULL,NULL,'S1',0,0,'','','','','','','','2012-01-23','2013-08-30','49201','0000-00-00',NULL,'A',20052,'E','E','0013046902',NULL,'08128423669','ANZAR','082154100092',1011001,NULL,NULL,NULL),(50,'50','502646','07025',NULL,8,'BIOLOGI',1,51,NULL,NULL,NULL,NULL,NULL,'S1',1,NULL,NULL,NULL,NULL,NULL,NULL,NULL,NULL,NULL,NULL,NULL,NULL,NULL,NULL,NULL,NULL,NULL,NULL,NULL,NULL,NULL,NULL,1011001,NULL,NULL,NULL),(51,'51','502542','07035',NULL,8,'KIMIA',1,51,NULL,NULL,NULL,NULL,NULL,'S1',1,NULL,NULL,NULL,NULL,NULL,NULL,NULL,NULL,NULL,NULL,NULL,NULL,NULL,NULL,NULL,NULL,NULL,NULL,NULL,NULL,NULL,NULL,1011001,NULL,NULL,NULL),(52,'52','502743','07045',NULL,8,'FISIKA',1,91,NULL,NULL,NULL,NULL,NULL,'S1',1,NULL,NULL,NULL,NULL,NULL,NULL,NULL,NULL,NULL,NULL,NULL,NULL,NULL,NULL,NULL,NULL,NULL,NULL,NULL,NULL,NULL,NULL,1011001,'S.Si',NULL,NULL),(53,'53','501747','07055',NULL,15,'ILMU KOMPUTER',1,NULL,NULL,NULL,NULL,NULL,NULL,'S1',1,NULL,NULL,NULL,NULL,NULL,NULL,NULL,NULL,NULL,NULL,NULL,NULL,NULL,NULL,NULL,NULL,NULL,NULL,NULL,NULL,NULL,NULL,1011001,'S.Kom',NULL,NULL),(54,'54','504042','08015',NULL,11,'ILMU HUKUM',1,161,'','',NULL,NULL,NULL,'S1',0,144,'Jl. Sambaliung Kampus gunung Kelua Samarinda','0541-7774145','0541-77741454','fhunmul@gmail.com','http://www.fhunmul.ac.id','','1273/D/T/K-N/2009','2009-03-02','2013-07-22','74201','2003-07-09',NULL,'A',20051,'F','B','0010045501',NULL,'081350004080','','',1011001,NULL,NULL,NULL),(55,'55','502442','09013',NULL,7,'PERTAMBANGAN (D3)',NULL,1,NULL,NULL,NULL,NULL,NULL,'D3',1,NULL,NULL,NULL,NULL,NULL,NULL,NULL,NULL,NULL,NULL,NULL,NULL,NULL,NULL,NULL,NULL,NULL,NULL,NULL,NULL,NULL,NULL,1011001,NULL,NULL,NULL),(56,'56','501546','09025',NULL,7,'TEKNIK SIPIL',1,NULL,NULL,NULL,NULL,NULL,NULL,'S1',1,NULL,NULL,NULL,NULL,NULL,NULL,NULL,NULL,NULL,NULL,NULL,NULL,NULL,NULL,NULL,NULL,NULL,NULL,NULL,NULL,NULL,NULL,1011001,'S.T',NULL,NULL),(57,'57','501345','09035',NULL,7,'TEKNIK INDUSTRI',1,NULL,NULL,NULL,NULL,NULL,NULL,'S1',1,NULL,NULL,NULL,NULL,NULL,NULL,NULL,NULL,NULL,NULL,NULL,NULL,NULL,NULL,NULL,NULL,NULL,NULL,NULL,NULL,NULL,NULL,1011001,NULL,NULL,NULL),(58,'58','501643','09045',NULL,7,'TEKNIK LINGKUNGAN',1,NULL,NULL,NULL,NULL,NULL,NULL,'S1',1,NULL,NULL,NULL,NULL,NULL,NULL,NULL,NULL,NULL,NULL,NULL,NULL,NULL,NULL,NULL,NULL,NULL,NULL,NULL,NULL,NULL,NULL,1011001,NULL,NULL,NULL),(59,'59','501442','09055',NULL,7,'TEKNIK PERTAMBANGAN',1,61,NULL,NULL,NULL,NULL,NULL,'S1',1,NULL,NULL,NULL,NULL,NULL,NULL,NULL,NULL,NULL,NULL,NULL,NULL,NULL,NULL,NULL,NULL,NULL,NULL,NULL,NULL,NULL,NULL,1011001,NULL,NULL,NULL),(60,'60','502847','10015',NULL,9,'KEDOKTERAN',1,61,NULL,NULL,NULL,NULL,NULL,'S1',1,NULL,NULL,NULL,NULL,NULL,NULL,NULL,NULL,NULL,NULL,NULL,NULL,NULL,NULL,NULL,NULL,NULL,NULL,NULL,NULL,NULL,NULL,1011001,'S.Ked','PENDIDIKAN DOKTER',NULL),(61,'61','501941','11015',NULL,10,'KESEHATAN MASYARAKAT',1,161,NULL,NULL,NULL,NULL,NULL,'S1',1,NULL,NULL,NULL,NULL,NULL,NULL,NULL,NULL,NULL,NULL,NULL,NULL,NULL,NULL,NULL,NULL,NULL,NULL,NULL,NULL,NULL,NULL,1011001,NULL,NULL,NULL),(63,'63','509005','13015',NULL,13,'FARMASI',1,101,'','PHARMACY',NULL,NULL,NULL,'S1',0,0,'','','','','','','5241/D/T/K-N/2011','2011-02-18','2015-02-18','48201','0000-00-00',NULL,'A',20091,'F','E','0024126705',NULL,'081342205060','Hj. Fitriati, S.Kom','',1011001,NULL,NULL,NULL),(64,'64','501401','14015',NULL,14,'SASTRA INDONESIA',1,51,NULL,NULL,NULL,NULL,NULL,'S1',1,NULL,NULL,NULL,NULL,NULL,NULL,NULL,NULL,NULL,NULL,NULL,NULL,NULL,NULL,NULL,NULL,NULL,NULL,NULL,NULL,NULL,NULL,1011001,NULL,NULL,NULL),(65,'65','501402','14025',NULL,14,'SASTRA INGGRIS',1,81,NULL,NULL,NULL,NULL,NULL,'S1',1,NULL,NULL,NULL,NULL,NULL,NULL,NULL,NULL,NULL,NULL,NULL,NULL,NULL,NULL,NULL,NULL,NULL,NULL,NULL,NULL,NULL,NULL,1011001,NULL,NULL,NULL),(66,'66','501501','15015',NULL,15,'TEKNIK INFORMATIKA',1,101,'','',NULL,NULL,NULL,'S1',0,144,'','','','','','','No. 28/D/0/2010','2010-03-25','2012-03-25','55201','0000-00-00',NULL,'A',20121,'F','A','0026077603',NULL,'08135089808','','',1011001,NULL,NULL,NULL),(67,'67','501261',NULL,NULL,12,'PASCASARJANA',NULL,NULL,NULL,NULL,NULL,NULL,NULL,NULL,1,NULL,NULL,NULL,NULL,NULL,NULL,NULL,NULL,NULL,NULL,NULL,NULL,NULL,NULL,NULL,NULL,NULL,NULL,NULL,NULL,NULL,NULL,1011001,NULL,NULL,NULL),(68,'68','503434','01033',NULL,1,'AKUNTANSI konsentrasi AKUNTANSI KEUANGAN',NULL,NULL,NULL,NULL,NULL,NULL,NULL,'D3',1,NULL,NULL,NULL,NULL,NULL,NULL,NULL,NULL,NULL,NULL,NULL,NULL,NULL,NULL,NULL,NULL,NULL,NULL,NULL,NULL,NULL,NULL,1011001,NULL,NULL,6),(69,'69','500901','09065',NULL,7,'TEKNIK KIMIA',1,61,NULL,NULL,NULL,NULL,NULL,'S1',1,NULL,NULL,NULL,NULL,NULL,NULL,NULL,NULL,NULL,NULL,NULL,NULL,NULL,NULL,NULL,NULL,NULL,NULL,NULL,NULL,NULL,NULL,1011001,NULL,NULL,NULL),(70,'70','500446',NULL,NULL,3,'AGRONOMI',NULL,NULL,NULL,NULL,NULL,NULL,NULL,'S1',1,NULL,NULL,NULL,NULL,NULL,NULL,NULL,NULL,NULL,NULL,NULL,NULL,NULL,NULL,NULL,NULL,NULL,NULL,NULL,NULL,NULL,NULL,1011001,NULL,NULL,NULL),(71,'71','503435','01033',NULL,1,'AKUNTANSI konsentrasi AKUNTANSI MANAJEMEN',NULL,NULL,NULL,NULL,NULL,NULL,NULL,'D3',1,NULL,NULL,NULL,NULL,NULL,NULL,NULL,NULL,NULL,NULL,NULL,NULL,NULL,NULL,NULL,NULL,NULL,NULL,NULL,NULL,NULL,NULL,1011001,NULL,NULL,NULL),(72,'72','500105','01039',NULL,1,'PENDIDIKAN PROFESI AKUNTANSI',1,1,NULL,NULL,NULL,NULL,NULL,'PR',1,NULL,NULL,NULL,NULL,NULL,NULL,NULL,NULL,NULL,NULL,NULL,NULL,NULL,NULL,NULL,NULL,NULL,NULL,NULL,NULL,NULL,NULL,1011001,NULL,NULL,NULL),(73,'73','500543',NULL,NULL,3,'EKONOMI PERTANIAN',NULL,NULL,NULL,NULL,NULL,NULL,NULL,'S1',1,NULL,NULL,NULL,NULL,NULL,NULL,NULL,NULL,NULL,NULL,NULL,NULL,NULL,NULL,NULL,NULL,NULL,NULL,NULL,NULL,NULL,NULL,1011001,NULL,NULL,NULL),(74,'74','500402','04015',NULL,4,'KEHUTANAN konsentrasi MANAJEMEN SOSIAL KEHUTANAN',NULL,NULL,NULL,NULL,NULL,NULL,NULL,'S1',1,NULL,NULL,NULL,NULL,NULL,NULL,NULL,NULL,NULL,NULL,NULL,NULL,NULL,NULL,NULL,NULL,NULL,NULL,NULL,NULL,NULL,NULL,1011001,NULL,NULL,77),(75,'75','500405','04015',NULL,4,'KEHUTANAN konsentrasi REKLAMASI LAHAN BEKAS TAMBANG',NULL,NULL,NULL,NULL,NULL,NULL,NULL,'S1',1,NULL,NULL,NULL,NULL,NULL,NULL,NULL,NULL,NULL,NULL,NULL,NULL,NULL,NULL,NULL,NULL,NULL,NULL,NULL,NULL,NULL,NULL,1011001,NULL,NULL,NULL),(76,'76','501144',NULL,NULL,3,'ILMU TANAH',NULL,NULL,NULL,NULL,NULL,NULL,NULL,'S1',1,NULL,NULL,NULL,NULL,NULL,NULL,NULL,NULL,NULL,NULL,NULL,NULL,NULL,NULL,NULL,NULL,NULL,NULL,NULL,NULL,NULL,NULL,1011001,NULL,NULL,NULL),(77,'77','500647','04015',NULL,4,'KEHUTANAN (MH)',1,181,NULL,NULL,NULL,NULL,NULL,'S1',1,NULL,NULL,NULL,NULL,NULL,NULL,NULL,NULL,NULL,NULL,NULL,NULL,NULL,NULL,NULL,NULL,NULL,NULL,NULL,NULL,NULL,NULL,1011001,NULL,NULL,NULL),(78,'78','500406','04015',NULL,4,'KEHUTANAN konsentrasi AGROFORESTI',NULL,NULL,NULL,NULL,NULL,NULL,NULL,'S1',1,NULL,NULL,NULL,NULL,NULL,NULL,NULL,NULL,NULL,NULL,NULL,NULL,NULL,NULL,NULL,NULL,NULL,NULL,NULL,NULL,NULL,NULL,1011001,NULL,NULL,NULL),(79,'79','500303',NULL,NULL,3,'EKONOMI PERTANIAN konsentrasi ILMU KOMUNIKASI DAN PEMBERDAYAAN MASYARAKAT',NULL,NULL,NULL,NULL,NULL,NULL,NULL,'S1',1,NULL,NULL,NULL,NULL,NULL,NULL,NULL,NULL,NULL,NULL,NULL,NULL,NULL,NULL,NULL,NULL,NULL,NULL,NULL,NULL,NULL,NULL,1011001,NULL,NULL,NULL),(80,'80','501241',NULL,NULL,3,'ILMU HAMA DAN PENYAKIT TUMBUHAN',NULL,NULL,NULL,NULL,NULL,NULL,NULL,'S1',1,NULL,NULL,NULL,NULL,NULL,NULL,NULL,NULL,NULL,NULL,NULL,NULL,NULL,NULL,NULL,NULL,NULL,NULL,NULL,NULL,NULL,NULL,1011001,NULL,NULL,NULL),(81,'81','500744',NULL,NULL,4,'TEKNOLOGI HASIL HUTAN',NULL,NULL,NULL,NULL,NULL,NULL,NULL,'S1',1,NULL,NULL,NULL,NULL,NULL,NULL,NULL,NULL,NULL,NULL,NULL,NULL,NULL,NULL,NULL,NULL,NULL,NULL,NULL,NULL,NULL,NULL,1011001,NULL,NULL,NULL),(82,'82','500403',NULL,NULL,4,'KEHUTANAN konsentrasi BUDIDAYA HUTAN',NULL,NULL,NULL,NULL,NULL,NULL,NULL,'S1',1,NULL,NULL,NULL,NULL,NULL,NULL,NULL,NULL,NULL,NULL,NULL,NULL,NULL,NULL,NULL,NULL,NULL,NULL,NULL,NULL,NULL,NULL,1011001,NULL,NULL,NULL),(83,'83','500404',NULL,NULL,4,'KEHUTANAN konsentrasi KONSERVASI SUMBERDAYA HUTAN',NULL,NULL,NULL,NULL,NULL,NULL,NULL,'S1',1,NULL,NULL,NULL,NULL,NULL,NULL,NULL,NULL,NULL,NULL,NULL,NULL,NULL,NULL,NULL,NULL,NULL,NULL,NULL,NULL,NULL,NULL,1011001,NULL,NULL,NULL),(84,'84','503441','01025',NULL,1,'MANAJEMEN (eks.)',NULL,NULL,NULL,NULL,NULL,NULL,NULL,'S1',2,NULL,NULL,NULL,NULL,NULL,NULL,NULL,NULL,NULL,NULL,NULL,NULL,NULL,NULL,NULL,NULL,NULL,NULL,NULL,NULL,NULL,NULL,1011001,NULL,NULL,NULL),(85,'85','503344','01015',NULL,1,'EKONOMI PEMBANGUNAN (eks.)',NULL,NULL,NULL,NULL,NULL,NULL,NULL,'S1',2,NULL,NULL,NULL,NULL,NULL,NULL,NULL,NULL,NULL,NULL,NULL,NULL,NULL,NULL,NULL,NULL,NULL,NULL,NULL,NULL,NULL,NULL,1011001,NULL,NULL,NULL),(86,'86','503843','01035',NULL,1,'AKUNTANSI (Sore)',NULL,NULL,NULL,NULL,NULL,NULL,NULL,'S1',5,NULL,NULL,NULL,NULL,NULL,NULL,NULL,NULL,NULL,NULL,NULL,NULL,NULL,NULL,NULL,NULL,NULL,NULL,NULL,NULL,NULL,NULL,1011001,NULL,NULL,NULL),(87,'87','500311','03016',NULL,3,'PERTANIAN TROPIKA BASAH',NULL,1,'','',NULL,NULL,NULL,'S2',0,49,'','','','','','','','2003-01-30','2014-02-25','54111','0000-00-00',NULL,'A',20051,'D','E','0002125908',NULL,'0514749314','Hendri Irawan','081346543720',1011001,'MP',NULL,NULL),(88,'88','500302',NULL,NULL,3,'EKONOMI PERTANIAN konsentrasi AGRIBISNIS',NULL,NULL,NULL,NULL,NULL,NULL,NULL,'S1',1,NULL,NULL,NULL,NULL,NULL,NULL,NULL,NULL,NULL,NULL,NULL,NULL,NULL,NULL,NULL,NULL,NULL,NULL,NULL,NULL,NULL,NULL,1011001,NULL,NULL,NULL),(89,'89','503642','02025',NULL,2,'STUDI PEMERINTAHAN',1,121,NULL,NULL,NULL,NULL,NULL,'S1',1,NULL,NULL,NULL,NULL,NULL,NULL,NULL,NULL,NULL,NULL,NULL,NULL,NULL,NULL,NULL,NULL,NULL,NULL,NULL,NULL,NULL,NULL,1011001,NULL,'ILMU PEMERINTAHAN',NULL),(90,'90','503947','02045',NULL,2,'HUBUNGAN INTERNASIONAL',1,121,NULL,NULL,NULL,NULL,NULL,'S1',1,NULL,NULL,NULL,NULL,NULL,NULL,NULL,NULL,NULL,NULL,NULL,NULL,NULL,NULL,NULL,NULL,NULL,NULL,NULL,NULL,NULL,NULL,1011001,NULL,NULL,NULL),(91,'91','500506','05065',NULL,5,'PENDIDIKAN EKONOMI konsentrasi PENDIDIKAN AKUNTANSI',NULL,91,NULL,NULL,NULL,NULL,NULL,'S1',1,NULL,NULL,NULL,NULL,NULL,NULL,NULL,NULL,NULL,NULL,NULL,NULL,NULL,NULL,NULL,NULL,NULL,NULL,NULL,NULL,NULL,NULL,1011001,NULL,NULL,NULL),(92,'92','500802','07045',NULL,8,'FISIKA Konsentrasi GEOFISIKA',NULL,61,NULL,NULL,NULL,NULL,NULL,'S1',1,NULL,NULL,NULL,NULL,NULL,NULL,NULL,NULL,NULL,NULL,NULL,NULL,NULL,NULL,NULL,NULL,NULL,NULL,NULL,NULL,NULL,NULL,1011001,'S.Si',NULL,NULL),(93,'93','500803','07035',NULL,8,'KIMIA konsentrasi KIMIA INDUSTRI',NULL,71,NULL,NULL,NULL,NULL,NULL,'S1',1,NULL,NULL,NULL,NULL,NULL,NULL,NULL,NULL,NULL,NULL,NULL,NULL,NULL,NULL,NULL,NULL,NULL,NULL,NULL,NULL,NULL,NULL,1011001,NULL,NULL,51),(95,'95','500508','05035',NULL,5,'PENDIDIKAN FISIKA konsentrasi PENDIDIKAN GEOGRAFI',NULL,91,NULL,NULL,NULL,NULL,NULL,'S1',1,NULL,NULL,NULL,NULL,NULL,NULL,NULL,NULL,NULL,NULL,NULL,NULL,NULL,NULL,NULL,NULL,NULL,NULL,NULL,NULL,NULL,NULL,1011001,NULL,NULL,NULL),(96,'96','500509','05055',NULL,5,'P P K N konsentrasi PENDIDIKAN SEJARAH',NULL,81,NULL,NULL,NULL,NULL,NULL,'S1',1,NULL,NULL,NULL,NULL,NULL,NULL,NULL,NULL,NULL,NULL,NULL,NULL,NULL,NULL,NULL,NULL,NULL,NULL,NULL,NULL,NULL,NULL,1011001,NULL,NULL,NULL),(98,'98','501211','12016',NULL,12,'ILMU LINGKUNGAN',NULL,NULL,'Enviro','Environmental Science',NULL,NULL,NULL,'S2',0,41,'JL. Kihajar Dewantara, Gedung Rektorat Lama UNMUL','0541 - 732146','0541 - 732146','info@enviro-unmul.or.id','www.enviro-unmul.or.id','081347309785','11497/D/T/K-N/2012','2012-04-12','2014-08-30','25102','2004-09-21',NULL,'A',20051,'C','B','0011124801',NULL,'-','Aliyudin','081347309785',1011001,'M.Si',NULL,NULL),(99,'99','501212','12016',NULL,12,'ILMU LINGKUNGAN konsentrasi KESEHATAN LINGKUNGAN',NULL,NULL,NULL,NULL,NULL,NULL,NULL,'S2',1,NULL,NULL,NULL,NULL,NULL,NULL,NULL,NULL,NULL,NULL,NULL,NULL,NULL,NULL,NULL,NULL,NULL,NULL,NULL,NULL,NULL,NULL,1011001,NULL,NULL,NULL),(100,'100','500122','01026',NULL,1,'MANAJEMEN konsentrasi MANAJEMEN KEUANGAN ( S2 )',NULL,NULL,'','',NULL,NULL,NULL,'S2',0,0,'','','','','','','001','2000-01-01','2014-12-31','61101','2000-01-01',NULL,'H',20051,'A','A','0024126705',NULL,'0812','','',1011001,NULL,NULL,NULL),(101,'101','500123','01026',NULL,1,'MANAJEMEN konsentrasi MANAJEMEN SUMBERDAYA MANUSIA ( S2 )',NULL,NULL,'','',NULL,NULL,NULL,'S2',0,0,'','','','','','','002','2000-01-01','2014-12-01','61101','2000-01-01',NULL,'A',20051,'A','A','0024126705',NULL,'0812','','',1011001,NULL,NULL,NULL),(102,'102','500124','01026',NULL,1,'MANAJEMEN konsentrasi MANAJEMEN PEMASARAN  ( S2 )',NULL,NULL,'','',NULL,NULL,NULL,'S2',0,0,'','','','','','','003','2000-01-01','2014-12-31','61101','2000-01-01',NULL,'A',20051,'A','A','0024126705',NULL,'0812','','',1011001,NULL,NULL,NULL),(103,'103','500111','01046',NULL,1,'ILMU EKONOMI konsentrasi EKONOMIKA PEMBANGUNAN DAN PERENCANAAN',NULL,NULL,NULL,NULL,NULL,NULL,NULL,'S2',1,NULL,NULL,NULL,NULL,NULL,NULL,NULL,NULL,NULL,NULL,NULL,NULL,NULL,NULL,NULL,NULL,NULL,NULL,NULL,NULL,NULL,NULL,1011001,NULL,NULL,NULL),(104,'104','500112','01046',NULL,1,'ILMU EKONOMI konsentrasi EKONOMIKA KEUANGAN DAERAH',NULL,NULL,NULL,NULL,NULL,NULL,NULL,'S2',1,NULL,NULL,NULL,NULL,NULL,NULL,NULL,NULL,NULL,NULL,NULL,NULL,NULL,NULL,NULL,NULL,NULL,NULL,NULL,NULL,NULL,NULL,1011001,NULL,NULL,NULL),(105,'105','500113','01046',NULL,1,'ILMU EKONOMI konsentrasi EKONOMIKA KORPORASI',NULL,NULL,NULL,NULL,NULL,NULL,NULL,'S2',1,NULL,NULL,NULL,NULL,NULL,NULL,NULL,NULL,NULL,NULL,NULL,NULL,NULL,NULL,NULL,NULL,NULL,NULL,NULL,NULL,NULL,NULL,1011001,NULL,NULL,NULL),(106,'106','500114','01046',NULL,1,'ILMU EKONOMI konsentrasi EKONOMIKA KEUANGAN ISLAM',NULL,NULL,NULL,NULL,NULL,NULL,NULL,'S2',1,NULL,NULL,NULL,NULL,NULL,NULL,NULL,NULL,NULL,NULL,NULL,NULL,NULL,NULL,NULL,NULL,NULL,NULL,NULL,NULL,NULL,NULL,1011001,NULL,NULL,NULL),(107,'107','500211','02016',NULL,2,'ILMU ADMINISTRASI NEGARA',NULL,1,NULL,NULL,NULL,NULL,NULL,'S2',1,NULL,NULL,NULL,NULL,NULL,NULL,NULL,NULL,NULL,NULL,NULL,NULL,NULL,NULL,NULL,NULL,NULL,NULL,NULL,NULL,NULL,NULL,1011001,NULL,NULL,NULL),(109,'109','500213','02016',NULL,2,'ILMU ADMINISTRASI NEGARA konsentrasi KEBIJAKAN PUBLIK',NULL,NULL,NULL,NULL,NULL,NULL,NULL,'S2',1,NULL,NULL,NULL,NULL,NULL,NULL,NULL,NULL,NULL,NULL,NULL,NULL,NULL,NULL,NULL,NULL,NULL,NULL,NULL,NULL,NULL,NULL,1011001,NULL,NULL,NULL),(110,'110','500214','02016',NULL,2,'ILMU ADMINISTRASI NEGARA konsentrasi MANAJEMEN PEMERINTAHAN DAERAH',NULL,NULL,NULL,NULL,NULL,NULL,NULL,'S2',1,NULL,NULL,NULL,NULL,NULL,NULL,NULL,NULL,NULL,NULL,NULL,NULL,NULL,NULL,NULL,NULL,NULL,NULL,NULL,NULL,NULL,NULL,1011001,NULL,NULL,NULL),(111,'111','500215','02016',NULL,2,'ILMU ADMINISTRASI NEGARA konsentrasi ADMINISTRASI KEUANGAN DAERAH',NULL,NULL,NULL,NULL,NULL,NULL,NULL,'S2',1,NULL,NULL,NULL,NULL,NULL,NULL,NULL,NULL,NULL,NULL,NULL,NULL,NULL,NULL,NULL,NULL,NULL,NULL,NULL,NULL,NULL,NULL,1011001,NULL,NULL,NULL),(113,'113','500411','04016',NULL,4,'ILMU KEHUTANAN',NULL,NULL,NULL,NULL,NULL,NULL,NULL,'S2',1,NULL,NULL,NULL,NULL,NULL,NULL,NULL,NULL,NULL,NULL,NULL,NULL,NULL,NULL,NULL,NULL,NULL,NULL,NULL,NULL,NULL,NULL,1011001,NULL,NULL,NULL),(114,'114','500412','04016',NULL,4,'ILMU KEHUTANAN konsentrasi MANAJEMEN PESISIR',NULL,NULL,NULL,NULL,NULL,NULL,NULL,'S2',1,NULL,NULL,NULL,NULL,NULL,NULL,NULL,NULL,NULL,NULL,NULL,NULL,NULL,NULL,NULL,NULL,NULL,NULL,NULL,NULL,NULL,NULL,1011001,NULL,NULL,NULL),(115,'115','500431','04017',NULL,4,'ILMU KEHUTANAN',NULL,1,NULL,NULL,NULL,NULL,NULL,'S3',1,NULL,NULL,NULL,NULL,NULL,NULL,NULL,NULL,NULL,NULL,NULL,NULL,NULL,NULL,NULL,NULL,NULL,NULL,NULL,NULL,NULL,NULL,1011001,NULL,NULL,NULL),(116,'116','500561','05146',NULL,5,'ADMINISTRASI PENDIDIKAN',NULL,NULL,NULL,NULL,NULL,NULL,NULL,'S2',1,NULL,NULL,NULL,NULL,NULL,NULL,NULL,NULL,NULL,NULL,NULL,NULL,NULL,NULL,NULL,NULL,NULL,NULL,NULL,NULL,NULL,NULL,1011001,NULL,NULL,NULL),(117,'117','500562','05146',NULL,5,'ADMINISTRASI PENDIDIKAN konsentrasi TEKNOLOGI PENDIDIKAN',NULL,NULL,NULL,NULL,NULL,NULL,NULL,'S2',1,NULL,NULL,NULL,NULL,NULL,NULL,NULL,NULL,NULL,NULL,NULL,NULL,NULL,NULL,NULL,NULL,NULL,NULL,NULL,NULL,NULL,NULL,1011001,NULL,NULL,NULL),(118,'118','500563','05146',NULL,5,'ADMINISTRASI PENDIDIKAN konsentrasi PENDIDIKAN LUAR SEKOLAH',NULL,NULL,NULL,NULL,NULL,NULL,NULL,'S2',1,NULL,NULL,NULL,NULL,NULL,NULL,NULL,NULL,NULL,NULL,NULL,NULL,NULL,NULL,NULL,NULL,NULL,NULL,NULL,NULL,NULL,NULL,1011001,NULL,NULL,NULL),(119,'119','500564','05086',NULL,5,'PENDIDIKAN BAHASA INGGRIS',NULL,NULL,NULL,NULL,NULL,NULL,NULL,'S2',1,NULL,NULL,NULL,NULL,NULL,NULL,NULL,NULL,NULL,NULL,NULL,NULL,NULL,NULL,NULL,NULL,NULL,NULL,NULL,NULL,NULL,NULL,1011001,NULL,NULL,NULL),(120,'120','500212','02016',NULL,2,'ILMU ADMINISTRASI NEGARA konsentrasi ADMINISTRASI PEMERINTAHAN DAERAH',NULL,NULL,NULL,NULL,NULL,NULL,NULL,'S2',1,NULL,NULL,NULL,NULL,NULL,NULL,NULL,NULL,NULL,NULL,NULL,NULL,NULL,NULL,NULL,NULL,NULL,NULL,NULL,NULL,NULL,NULL,1011001,NULL,NULL,NULL),(124,'124','501001','10029',NULL,9,'PROFESI DOKTER',1,1,NULL,NULL,NULL,NULL,NULL,'PR',1,NULL,NULL,NULL,NULL,NULL,NULL,NULL,NULL,NULL,NULL,NULL,NULL,NULL,NULL,NULL,NULL,NULL,NULL,NULL,NULL,NULL,NULL,1011001,'dr.',NULL,NULL),(125,'125','500121','01026',NULL,1,'MANAJEMEN',NULL,NULL,NULL,NULL,NULL,NULL,NULL,'S2',1,NULL,NULL,NULL,NULL,NULL,NULL,NULL,NULL,NULL,NULL,NULL,NULL,NULL,NULL,NULL,NULL,NULL,NULL,NULL,NULL,NULL,NULL,1011001,NULL,NULL,NULL),(126,'126','500115','01017',NULL,1,'ILMU EKONOMI',NULL,NULL,NULL,NULL,NULL,NULL,NULL,'S3',1,NULL,NULL,NULL,NULL,NULL,NULL,NULL,NULL,NULL,NULL,NULL,NULL,NULL,NULL,NULL,NULL,NULL,NULL,NULL,NULL,NULL,NULL,1011001,NULL,NULL,NULL),(127,'127','500125','01027',NULL,1,'MANAJEMEN',NULL,NULL,NULL,NULL,NULL,NULL,NULL,'S3',1,NULL,NULL,NULL,NULL,NULL,NULL,NULL,NULL,NULL,NULL,NULL,NULL,NULL,NULL,NULL,NULL,NULL,NULL,NULL,NULL,NULL,NULL,1011001,NULL,NULL,NULL),(128,'128','500565','05147',NULL,5,'MANAJEMEN PENDIDIKAN',NULL,1,NULL,NULL,NULL,NULL,NULL,'S3',1,NULL,NULL,NULL,NULL,NULL,NULL,NULL,NULL,NULL,NULL,NULL,NULL,NULL,NULL,NULL,NULL,NULL,NULL,NULL,NULL,NULL,NULL,1011001,NULL,NULL,NULL),(129,'129','500115','01016',NULL,1,'ILMU EKONOMI (S2)',NULL,NULL,'','',NULL,NULL,NULL,'S2',0,0,'','','','','','','','2005-02-02','2005-02-02','60101','2005-01-01',NULL,'A',20051,'D','A','0024126705',NULL,'054141118','','',1011001,NULL,NULL,NULL),(130,'130','500211','02016',NULL,2,'ILMU ADMINISTRASI NEGARA konsentrasi ADMINISTRASI PEMBANGUNAN',NULL,NULL,NULL,NULL,NULL,NULL,NULL,'S2',1,NULL,NULL,NULL,NULL,NULL,NULL,NULL,NULL,NULL,NULL,NULL,NULL,NULL,NULL,NULL,NULL,NULL,NULL,NULL,NULL,NULL,NULL,1011001,NULL,NULL,NULL),(131,'131','500106','01025',NULL,1,'MANAJEMEN konsentrasi MANAJEMEN PEMASARAN',NULL,371,NULL,NULL,NULL,NULL,NULL,'S1',1,NULL,NULL,NULL,NULL,NULL,NULL,NULL,NULL,NULL,NULL,NULL,NULL,NULL,NULL,NULL,NULL,NULL,NULL,NULL,NULL,NULL,NULL,1011001,NULL,NULL,NULL),(132,'132','500903','13013',NULL,13,'FARMASI (D3)',NULL,1,NULL,NULL,NULL,NULL,NULL,'D3',1,NULL,NULL,NULL,NULL,NULL,NULL,NULL,NULL,NULL,NULL,NULL,NULL,NULL,NULL,NULL,NULL,NULL,NULL,NULL,NULL,NULL,NULL,1011001,NULL,NULL,NULL),(133,'133','500566','05146',NULL,5,'ADMINISTRASI PENDIDIKAN konsentrasi PENDIDIKAN ANAK USIA DINI',NULL,NULL,NULL,NULL,NULL,NULL,NULL,'S2',1,NULL,NULL,NULL,NULL,NULL,NULL,NULL,NULL,NULL,NULL,NULL,NULL,NULL,NULL,NULL,NULL,NULL,NULL,NULL,NULL,NULL,NULL,1011001,NULL,NULL,NULL),(134,'134','500413','04016',NULL,4,'ILMU KEHUTANAN konsentrasi PENGELOLAAN SUMBER DAYA  HUTAN DAN ENERGI TERBARUKAN ',NULL,NULL,NULL,NULL,NULL,NULL,NULL,'S2',1,NULL,NULL,NULL,NULL,NULL,NULL,NULL,NULL,NULL,NULL,NULL,NULL,NULL,NULL,NULL,NULL,NULL,NULL,NULL,NULL,NULL,NULL,1011001,NULL,NULL,NULL),(135,'135','501213','12016',NULL,12,'ILMU LINGKUNGAN konsentrasi SUMBER DAYA ALAM DAN LINGKUNGAN',NULL,NULL,NULL,NULL,NULL,NULL,NULL,'S2',1,NULL,NULL,NULL,NULL,NULL,NULL,NULL,NULL,NULL,NULL,NULL,NULL,NULL,NULL,NULL,NULL,NULL,NULL,NULL,NULL,NULL,NULL,1011001,NULL,NULL,NULL),(136,'136','500432','04017',NULL,4,'ILMU KEHUTANAN konsentrasi SUMBER DAYA ALAM DAN HUTAN TROPIS',NULL,NULL,NULL,NULL,NULL,NULL,NULL,'S3',1,NULL,NULL,NULL,NULL,NULL,NULL,NULL,NULL,NULL,NULL,NULL,NULL,NULL,NULL,NULL,NULL,NULL,NULL,NULL,NULL,NULL,NULL,1011001,NULL,NULL,NULL),(137,'137','500567','05126',NULL,5,'PENDIDIKAN KIMIA',NULL,NULL,NULL,NULL,NULL,NULL,NULL,'S2',1,NULL,NULL,NULL,NULL,NULL,NULL,NULL,NULL,NULL,NULL,NULL,NULL,NULL,NULL,NULL,NULL,NULL,NULL,NULL,NULL,NULL,NULL,1011001,NULL,NULL,NULL),(138,'138','501061\r\n','10016',NULL,9,'SPESIALIS BEDAH\r\n',1,1,NULL,NULL,NULL,NULL,NULL,'S2',1,NULL,NULL,NULL,NULL,NULL,NULL,NULL,NULL,NULL,NULL,NULL,NULL,NULL,NULL,NULL,NULL,NULL,NULL,NULL,NULL,NULL,NULL,1011001,'Sp.B',NULL,NULL),(139,'139','501002','10015',NULL,9,'KEDOKTERAN konsentrasi PENDIDIKAN DOKTER GIGI',NULL,NULL,NULL,NULL,NULL,NULL,NULL,'S1',1,NULL,NULL,NULL,NULL,NULL,NULL,NULL,NULL,NULL,NULL,NULL,NULL,NULL,NULL,NULL,NULL,NULL,NULL,NULL,NULL,NULL,NULL,1011001,'S.KG','PENDIDIKAN DOKTER konsentrasi PENDIDIKAN DOKTER GIGI',NULL),(140,'140','500207','02095',NULL,2,'ADMINISTRASI BISNIS konsentrasi PARIWISATA DAN BISNIS HOSPITALITY',NULL,191,NULL,NULL,NULL,NULL,NULL,'S1',1,NULL,NULL,NULL,NULL,NULL,NULL,NULL,NULL,NULL,NULL,NULL,NULL,NULL,NULL,NULL,NULL,NULL,NULL,NULL,NULL,NULL,NULL,1011001,NULL,NULL,NULL),(141,'141','500811','08016',NULL,11,'ILMU HUKUM (S2)',NULL,1,NULL,NULL,NULL,NULL,NULL,'S2',1,NULL,NULL,NULL,NULL,NULL,NULL,NULL,NULL,NULL,NULL,NULL,NULL,NULL,NULL,NULL,NULL,NULL,NULL,NULL,NULL,NULL,NULL,1011001,NULL,NULL,NULL),(143,'143','503428',NULL,NULL,5,'P G T K (D2)',NULL,NULL,NULL,NULL,NULL,NULL,NULL,'D2',1,NULL,NULL,NULL,NULL,NULL,NULL,NULL,NULL,NULL,NULL,NULL,NULL,NULL,NULL,NULL,NULL,NULL,NULL,NULL,NULL,NULL,NULL,1011001,NULL,NULL,NULL),(144,'144','503426',NULL,NULL,5,'PENDIDIKAN JASMANI & KESEHATAN (D2)',NULL,NULL,NULL,NULL,NULL,NULL,NULL,'D2',1,NULL,NULL,NULL,NULL,NULL,NULL,NULL,NULL,NULL,NULL,NULL,NULL,NULL,NULL,NULL,NULL,NULL,NULL,NULL,NULL,NULL,NULL,1011001,NULL,NULL,NULL),(145,'145','503427',NULL,NULL,5,'P G S D (D2)',NULL,NULL,NULL,NULL,NULL,NULL,NULL,'D2',1,NULL,NULL,NULL,NULL,NULL,NULL,NULL,NULL,NULL,NULL,NULL,NULL,NULL,NULL,NULL,NULL,NULL,NULL,NULL,NULL,NULL,NULL,1011001,NULL,NULL,NULL),(146,'146','500305','03055',NULL,3,'PETERNAKAN konsentrasi PENYULUHAN PETERNAKAN',NULL,NULL,NULL,NULL,NULL,NULL,NULL,'S1',1,NULL,NULL,NULL,NULL,NULL,NULL,NULL,NULL,NULL,NULL,NULL,NULL,NULL,NULL,NULL,NULL,NULL,NULL,NULL,NULL,NULL,NULL,1011001,NULL,NULL,NULL),(147,'147','500306','03025',NULL,3,'AGRIBISNIS konsentrasi PENYULUHAN PERTANIAN',NULL,NULL,NULL,NULL,NULL,NULL,NULL,'S1',1,NULL,NULL,NULL,NULL,NULL,NULL,NULL,NULL,NULL,NULL,NULL,NULL,NULL,NULL,NULL,NULL,NULL,NULL,NULL,NULL,NULL,NULL,1011001,NULL,NULL,NULL),(148,'148','500604','06025',NULL,6,'SOSIOEKONOMIK PERIKANAN konsentrasi PENYULUHAN PERIKANAN',NULL,111,NULL,NULL,NULL,NULL,NULL,'S1',1,NULL,NULL,NULL,NULL,NULL,NULL,NULL,NULL,NULL,NULL,NULL,NULL,NULL,NULL,NULL,NULL,NULL,NULL,NULL,NULL,NULL,NULL,1011001,NULL,'AGROBISNIS PERIKANAN konsentrasi PENYULUHAN PERIKANAN',NULL),(149,'149','501214','12016',NULL,12,'ILMU LINGKUNGAN konsentrasi PROMOSI KESEHATAN',NULL,NULL,NULL,NULL,NULL,NULL,NULL,'S2',1,NULL,NULL,NULL,NULL,NULL,NULL,NULL,NULL,NULL,NULL,NULL,NULL,NULL,NULL,NULL,NULL,NULL,NULL,NULL,NULL,NULL,NULL,1011001,NULL,NULL,NULL),(150,'150','500568\r\n','05146',NULL,5,'ADMINISTRASI PENDIDIKAN konsentrasi PENDIDIKAN GURU SEKOLAH DASAR',NULL,NULL,NULL,NULL,NULL,NULL,NULL,'S2',1,NULL,NULL,NULL,NULL,NULL,NULL,NULL,NULL,NULL,NULL,NULL,NULL,NULL,NULL,NULL,NULL,NULL,NULL,NULL,NULL,NULL,NULL,1011001,NULL,NULL,0),(151,'151','500902','09075',NULL,7,'TEKNIK ELEKTRO',NULL,1,NULL,NULL,NULL,NULL,NULL,'S1',1,NULL,NULL,NULL,NULL,NULL,NULL,NULL,NULL,NULL,NULL,NULL,NULL,NULL,NULL,NULL,NULL,NULL,NULL,NULL,NULL,NULL,NULL,1011001,NULL,NULL,NULL),(152,'152','500903','09085',NULL,7,'TEKNIK GEOLOGI',NULL,1,NULL,NULL,NULL,NULL,NULL,'S1',1,NULL,NULL,NULL,NULL,NULL,NULL,NULL,NULL,NULL,NULL,NULL,NULL,NULL,NULL,NULL,NULL,NULL,NULL,NULL,NULL,NULL,NULL,1011001,NULL,NULL,NULL),(153,'153','501403','14035',NULL,14,'ETNOMUSIKOLOGI',NULL,1,NULL,NULL,NULL,NULL,NULL,'S1',1,NULL,NULL,NULL,NULL,NULL,NULL,NULL,NULL,NULL,NULL,NULL,NULL,NULL,NULL,NULL,NULL,NULL,NULL,NULL,NULL,NULL,NULL,1011001,NULL,NULL,NULL),(154,NULL,NULL,'5076',NULL,5,'PENDIDIKAN BAHASA DAN SASTRA INDONESIA',NULL,NULL,NULL,NULL,NULL,NULL,NULL,'S2',NULL,NULL,NULL,NULL,NULL,NULL,NULL,NULL,NULL,NULL,NULL,NULL,NULL,NULL,NULL,NULL,NULL,NULL,NULL,NULL,NULL,NULL,NULL,NULL,NULL,NULL,NULL),(155,NULL,'500570','5016',NULL,5,'PENDIDIKAN BIOLOGI',NULL,NULL,NULL,NULL,NULL,NULL,NULL,'S2',NULL,NULL,NULL,NULL,NULL,NULL,NULL,NULL,NULL,NULL,NULL,NULL,NULL,NULL,NULL,NULL,NULL,NULL,NULL,NULL,NULL,NULL,NULL,NULL,NULL,NULL,NULL),(160,NULL,'501361','13019',NULL,13,'APOTEKER',NULL,NULL,NULL,NULL,NULL,NULL,NULL,'PR',NULL,NULL,NULL,NULL,NULL,NULL,NULL,NULL,NULL,NULL,NULL,NULL,NULL,NULL,NULL,NULL,NULL,NULL,NULL,NULL,NULL,NULL,NULL,NULL,NULL,NULL,NULL),(161,NULL,'505091','5019',NULL,5,'PPG - PENDIDIKAN BIOLOGI',NULL,NULL,NULL,NULL,NULL,NULL,NULL,'PR',NULL,NULL,NULL,NULL,NULL,NULL,NULL,NULL,NULL,NULL,NULL,NULL,NULL,NULL,NULL,NULL,NULL,NULL,NULL,NULL,NULL,NULL,NULL,NULL,NULL,NULL,NULL),(162,NULL,'505092','5029',NULL,5,'PPG - PENDIDIKAN GURU SEKOLAH DASAR',NULL,NULL,NULL,NULL,NULL,NULL,NULL,'PR',NULL,NULL,NULL,NULL,NULL,NULL,NULL,NULL,NULL,NULL,NULL,NULL,NULL,NULL,NULL,NULL,NULL,NULL,NULL,NULL,NULL,NULL,NULL,NULL,NULL,NULL,NULL),(163,NULL,NULL,'13015',NULL,13,'FARMASI konsentrasi FARMASI KLINIS',NULL,NULL,NULL,NULL,NULL,NULL,NULL,'S1',NULL,NULL,NULL,NULL,NULL,NULL,NULL,NULL,NULL,NULL,NULL,NULL,NULL,NULL,NULL,NULL,NULL,NULL,NULL,NULL,NULL,NULL,NULL,NULL,NULL,NULL,NULL);

/*Table structure for table `s_user` */

DROP TABLE IF EXISTS `s_user`;

CREATE TABLE `s_user` (
  `susrNama` varchar(255) COLLATE utf8_unicode_ci NOT NULL DEFAULT '' COMMENT 'ID User',
  `susrPassword` varchar(255) COLLATE utf8_unicode_ci DEFAULT NULL COMMENT 'Password User',
  `susrSgroupNama` varchar(255) COLLATE utf8_unicode_ci DEFAULT NULL COMMENT 'Group User',
  `susrProfil` varchar(40) COLLATE utf8_unicode_ci DEFAULT NULL COMMENT 'Nama User',
  `susrPertanyaan` varchar(255) COLLATE utf8_unicode_ci DEFAULT NULL COMMENT '?',
  `susrJawaban` varchar(255) COLLATE utf8_unicode_ci DEFAULT NULL COMMENT '?',
  `susrAvatar` varchar(100) COLLATE utf8_unicode_ci DEFAULT NULL COMMENT 'Path File',
  `susrRefIndex` varchar(100) COLLATE utf8_unicode_ci DEFAULT NULL COMMENT 'Ref Index',
  PRIMARY KEY (`susrNama`),
  KEY `susrSgroupNama` (`susrSgroupNama`),
  CONSTRAINT `s_user_ibfk_1` FOREIGN KEY (`susrSgroupNama`) REFERENCES `s_user_group` (`sgroupNama`) ON UPDATE CASCADE
) ENGINE=InnoDB DEFAULT CHARSET=utf8 COLLATE=utf8_unicode_ci;

/*Data for the table `s_user` */

insert  into `s_user`(`susrNama`,`susrPassword`,`susrSgroupNama`,`susrProfil`,`susrPertanyaan`,`susrJawaban`,`susrAvatar`,`susrRefIndex`) values ('admin','202cb962ac59075b964b07152d234b70','ADMIN','ADMINISTRATOR',NULL,NULL,NULL,NULL),('adminfeb','0d1ec8db28614efbc00844d2319ac978','FEB-D3','ADMIN feb',NULL,NULL,NULL,NULL),('agusharyono','3a960ded895be9f897dad2540585273c','ADMIN','Agus Tri Haryono',NULL,NULL,NULL,NULL),('dwi','21232f297a57a5a743894a0e4a801fc3','ADMIN','Dwi Rahmawati',NULL,NULL,NULL,NULL),('opfahutan','c014c1606d00acffe9252d03fddc33cb','Operator-FAHUTAN','Operator Fakultas kehutanan',NULL,NULL,NULL,NULL),('opfaperta','c14534039691e51bc58392009d1fcb5b','Operator-FAPERTA','Operator Fakultas Pertanian',NULL,NULL,NULL,NULL),('opfarmasi','f747012cb70906f4db2444e189e3d187','Operator-FARMASI','Operator Fakultas Farmasi',NULL,NULL,NULL,NULL),('opfeb','ba2d1afbd30eee0fed6d528e25d3a7df','Operator-FEB','Operator Fakultas Ekonomi dan Bisnis',NULL,NULL,NULL,NULL),('opfib','e664075f9ff073b7a66d8e3a7e5ccb82','Operator-FIB','Operator Fakultas Ilmu Budaya',NULL,NULL,NULL,NULL),('opfikti','e0d24fbf66f546eaf12a8ecbabf4f380','Operator-FIKTI','Operator Fakultas Ilmu Komputer dan Tekn',NULL,NULL,NULL,NULL),('opfisipol','1a5c10d2bce6f2f3c454b3a0d0eee994','Operator-FISIPOL','Operator Fakultas Ilmu Sosial dan Ilmu P',NULL,NULL,NULL,NULL),('opfkip','c239126cf021510442550c418f99dfb2','Operator-FKIP','Operator Fakultas Keguruan dan Ilmu Pend',NULL,NULL,NULL,NULL),('opfmipa','abfe02838e704547d8efdbc46f0df9a7','Operator-FMIPA','Operator Fakultas Matematika dan Ilmu Pe',NULL,NULL,NULL,NULL),('opfpik','5aba54f8c5df55f08be246d80fe4332b','Operator-FPIK','Operator Fakultas Perikanan dan Ilmu Kel',NULL,NULL,NULL,NULL),('ophukum','c950adc726de6ba6e758cb6653426be2','Operator-FH','Operator Fakultas Hukum',NULL,NULL,NULL,NULL),('opkedokteran','ce14c736ba54f4b6519ffe8da3d08218','Operator-FK','Operator Fakultas Kedokteran',NULL,NULL,NULL,NULL),('opkesmas','e5b9d71125d1689f045a928502979ee1','Operator-FKESMAS','Operator Fakultas Kesehatan Masyarakat',NULL,NULL,NULL,NULL),('oppascasarjana','32dd2feffbfa60aa28a3e86ab708d62b','Operator-Pascasarjana','Operator Pascasarjana',NULL,NULL,NULL,NULL),('opteknik','cae425b8b98ea15e785bd1207fd3d42b','Operator-FTEKNIK','Operator Fakultas Teknik',NULL,NULL,NULL,NULL),('tes123','3218cd0c7a825ab2ec63d27f6d75640e','FEB-D3','tes',NULL,NULL,NULL,NULL);

/*Table structure for table `s_user_group` */

DROP TABLE IF EXISTS `s_user_group`;

CREATE TABLE `s_user_group` (
  `sgroupNama` varchar(255) COLLATE utf8_unicode_ci NOT NULL DEFAULT '' COMMENT 'Nama Group user',
  `sgroupKeterangan` varchar(255) COLLATE utf8_unicode_ci DEFAULT NULL COMMENT 'Keterangan Group User',
  PRIMARY KEY (`sgroupNama`)
) ENGINE=InnoDB DEFAULT CHARSET=utf8 COLLATE=utf8_unicode_ci;

/*Data for the table `s_user_group` */

insert  into `s_user_group`(`sgroupNama`,`sgroupKeterangan`) values ('ADMIN','ADMINISTRATOR'),('FEB-D3','FAKULTAS EKONOMI DAN BISNIS JENJANG D3'),('Operator-FAHUTAN','Operator Fakultas Kehutanan'),('Operator-FAPERTA','Operator Fakultas Pertanian'),('Operator-FARMASI','Operator Fakultas Farmasi'),('Operator-FEB','Operator Fakultas Ekonomi Dan Bisnis'),('Operator-FH','Operator Fakultas Hukum'),('Operator-FIB','Operator Fakultas Ilmu Budaya'),('Operator-FIKTI','Operator Fakultas Ilmu Komputer Dan Teknologi Informasi'),('Operator-FISIPOL','Operator Fakultas Ilmu Sosial Dan Ilmu Politik'),('Operator-FK','Operator Fakultas Kedokteran'),('Operator-FKESMAS','Operator Fakultas Kesehatan Masyarakat'),('Operator-FKIP','Operator Fakultas Keguruan Dan Ilmu Pendidikan'),('Operator-FMIPA','Operator Fakultas Matematika Dan Ilmu Pengetahuan Alam'),('Operator-FPIK','Operator Fakultas Perikanan Dan Ilmu Kelautan'),('Operator-FTEKNIK','Operator Fakultas Teknik'),('Operator-Pascasarjana','Operator Pascasarjana');

/*Table structure for table `s_user_group_modul` */

DROP TABLE IF EXISTS `s_user_group_modul`;

CREATE TABLE `s_user_group_modul` (
  `sgroupmodulSgroupNama` varchar(255) COLLATE utf8_unicode_ci NOT NULL DEFAULT '' COMMENT 'Nama Group User',
  `sgroupmodulSusrmodulNama` varchar(255) COLLATE utf8_unicode_ci NOT NULL DEFAULT '' COMMENT 'Nama Modul',
  `sgroupmodulSusrmodulRead` int(11) DEFAULT '1' COMMENT 'Status Read User, 0: Tidak, 1: Tampil',
  PRIMARY KEY (`sgroupmodulSgroupNama`,`sgroupmodulSusrmodulNama`),
  KEY `sgroupmodulSusrmodulNama` (`sgroupmodulSusrmodulNama`),
  CONSTRAINT `s_user_group_modul_ibfk_1` FOREIGN KEY (`sgroupmodulSgroupNama`) REFERENCES `s_user_group` (`sgroupNama`) ON UPDATE CASCADE,
  CONSTRAINT `s_user_group_modul_ibfk_2` FOREIGN KEY (`sgroupmodulSusrmodulNama`) REFERENCES `s_user_modul_ref` (`susrmodulNama`) ON UPDATE CASCADE
) ENGINE=InnoDB DEFAULT CHARSET=utf8 COLLATE=utf8_unicode_ci;

/*Data for the table `s_user_group_modul` */

insert  into `s_user_group_modul`(`sgroupmodulSgroupNama`,`sgroupmodulSusrmodulNama`,`sgroupmodulSusrmodulRead`) values ('ADMIN','hakakses',1),('ADMIN','hakaksesmodul',1),('ADMIN','hakaksesunit',1),('ADMIN','mapunit',1),('ADMIN','pengguna',1);

/*Table structure for table `s_user_group_unit` */

DROP TABLE IF EXISTS `s_user_group_unit`;

CREATE TABLE `s_user_group_unit` (
  `sgroupunitSgroupNama` varchar(255) COLLATE utf8_unicode_ci NOT NULL DEFAULT '' COMMENT 'Nama Group User',
  `sgroupunitUnitKode` int(11) NOT NULL DEFAULT '0' COMMENT 'ID Unit',
  PRIMARY KEY (`sgroupunitSgroupNama`,`sgroupunitUnitKode`),
  KEY `sgroupprodiUnitKode` (`sgroupunitUnitKode`),
  CONSTRAINT `s_user_group_unit_ibfk_1` FOREIGN KEY (`sgroupunitSgroupNama`) REFERENCES `s_user_group` (`sgroupNama`) ON UPDATE CASCADE,
  CONSTRAINT `s_user_group_unit_ibfk_2` FOREIGN KEY (`sgroupunitUnitKode`) REFERENCES `program_studi` (`prodiKode`) ON UPDATE CASCADE
) ENGINE=InnoDB DEFAULT CHARSET=utf8 COLLATE=utf8_unicode_ci;

/*Data for the table `s_user_group_unit` */

insert  into `s_user_group_unit`(`sgroupunitSgroupNama`,`sgroupunitUnitKode`) values ('ADMIN',1),('Operator-FEB',1),('ADMIN',2),('Operator-FEB',2),('ADMIN',3),('Operator-FEB',3),('ADMIN',4),('Operator-FEB',4),('ADMIN',5),('Operator-FEB',5),('ADMIN',6),('Operator-FEB',6),('ADMIN',7),('Operator-FEB',7),('ADMIN',8),('FEB-D3',8),('Operator-FEB',8),('ADMIN',9),('FEB-D3',9),('Operator-FEB',9),('ADMIN',10),('FEB-D3',10),('Operator-FEB',10),('ADMIN',11),('Operator-FISIPOL',11),('ADMIN',13),('Operator-FISIPOL',13),('ADMIN',14),('Operator-FISIPOL',14),('ADMIN',15),('Operator-FISIPOL',15),('ADMIN',17),('Operator-FISIPOL',17),('ADMIN',18),('Operator-FISIPOL',18),('ADMIN',19),('Operator-FISIPOL',19),('ADMIN',20),('Operator-FISIPOL',20),('ADMIN',21),('Operator-FISIPOL',21),('ADMIN',22),('Operator-FISIPOL',22),('ADMIN',23),('Operator-FISIPOL',23),('ADMIN',24),('Operator-FAPERTA',24),('ADMIN',25),('Operator-FAPERTA',25),('ADMIN',26),('Operator-FAPERTA',26),('ADMIN',27),('Operator-FAPERTA',27),('ADMIN',28),('Operator-FAPERTA',28),('ADMIN',29),('Operator-FAHUTAN',29),('ADMIN',30),('Operator-FKIP',30),('ADMIN',31),('Operator-FKIP',31),('ADMIN',32),('Operator-FKIP',32),('ADMIN',33),('Operator-FKIP',33),('ADMIN',34),('Operator-FKIP',34),('ADMIN',35),('Operator-FKIP',35),('ADMIN',36),('Operator-FKIP',36),('ADMIN',37),('Operator-FKIP',37),('ADMIN',38),('Operator-FKIP',38),('ADMIN',39),('Operator-FKIP',39),('ADMIN',40),('Operator-FKIP',40),('ADMIN',41),('Operator-FKIP',41),('ADMIN',42),('Operator-FKIP',42),('ADMIN',43),('Operator-FKIP',43),('ADMIN',44),('Operator-FPIK',44),('ADMIN',45),('Operator-FPIK',45),('ADMIN',46),('Operator-FPIK',46),('ADMIN',47),('Operator-FPIK',47),('ADMIN',48),('Operator-FPIK',48),('ADMIN',49),('Operator-FMIPA',49),('ADMIN',50),('Operator-FMIPA',50),('ADMIN',51),('Operator-FMIPA',51),('ADMIN',52),('Operator-FMIPA',52),('ADMIN',53),('Operator-FIKTI',53),('ADMIN',54),('Operator-FH',54),('ADMIN',55),('Operator-FTEKNIK',55),('ADMIN',56),('Operator-FTEKNIK',56),('ADMIN',57),('Operator-FTEKNIK',57),('ADMIN',58),('Operator-FTEKNIK',58),('ADMIN',59),('Operator-FTEKNIK',59),('ADMIN',60),('Operator-FK',60),('ADMIN',61),('Operator-FKESMAS',61),('ADMIN',63),('Operator-FARMASI',63),('ADMIN',64),('Operator-FIB',64),('ADMIN',65),('Operator-FIB',65),('ADMIN',66),('Operator-FIKTI',66),('ADMIN',67),('ADMIN',68),('FEB-D3',68),('Operator-FEB',68),('ADMIN',69),('Operator-FTEKNIK',69),('ADMIN',70),('Operator-FAPERTA',70),('ADMIN',71),('FEB-D3',71),('Operator-FEB',71),('ADMIN',72),('Operator-FEB',72),('ADMIN',73),('Operator-FAPERTA',73),('ADMIN',74),('Operator-FAHUTAN',74),('ADMIN',75),('Operator-FAHUTAN',75),('ADMIN',76),('Operator-FAPERTA',76),('ADMIN',77),('Operator-FAHUTAN',77),('ADMIN',78),('Operator-FAHUTAN',78),('ADMIN',79),('Operator-FAPERTA',79),('ADMIN',80),('Operator-FAPERTA',80),('ADMIN',81),('Operator-FAHUTAN',81),('ADMIN',82),('Operator-FAHUTAN',82),('ADMIN',83),('Operator-FAHUTAN',83),('ADMIN',84),('Operator-FEB',84),('ADMIN',85),('Operator-FEB',85),('ADMIN',86),('Operator-FEB',86),('ADMIN',87),('Operator-FAPERTA',87),('ADMIN',88),('Operator-FAPERTA',88),('ADMIN',89),('Operator-FISIPOL',89),('ADMIN',90),('Operator-FISIPOL',90),('ADMIN',91),('Operator-FKIP',91),('ADMIN',92),('Operator-FMIPA',92),('ADMIN',93),('Operator-FMIPA',93),('ADMIN',95),('Operator-FKIP',95),('ADMIN',96),('Operator-FKIP',96),('ADMIN',98),('Operator-Pascasarjana',98),('ADMIN',99),('Operator-Pascasarjana',99),('ADMIN',100),('Operator-FEB',100),('ADMIN',101),('Operator-FEB',101),('ADMIN',102),('Operator-FEB',102),('ADMIN',103),('Operator-FEB',103),('ADMIN',104),('Operator-FEB',104),('ADMIN',105),('Operator-FEB',105),('ADMIN',106),('Operator-FEB',106),('ADMIN',107),('Operator-FISIPOL',107),('ADMIN',109),('Operator-FISIPOL',109),('ADMIN',110),('Operator-FISIPOL',110),('ADMIN',111),('Operator-FISIPOL',111),('ADMIN',113),('Operator-FAHUTAN',113),('ADMIN',114),('Operator-FAHUTAN',114),('ADMIN',115),('Operator-FAHUTAN',115),('ADMIN',116),('Operator-FKIP',116),('ADMIN',117),('Operator-FKIP',117),('ADMIN',118),('Operator-FKIP',118),('ADMIN',119),('Operator-FKIP',119),('ADMIN',120),('Operator-FISIPOL',120),('ADMIN',124),('Operator-FK',124),('ADMIN',125),('Operator-FEB',125),('ADMIN',126),('Operator-FEB',126),('ADMIN',127),('Operator-FEB',127),('ADMIN',128),('Operator-FKIP',128),('ADMIN',129),('Operator-FEB',129),('ADMIN',130),('Operator-FISIPOL',130),('ADMIN',131),('Operator-FEB',131),('ADMIN',132),('Operator-FARMASI',132),('ADMIN',133),('Operator-FKIP',133),('ADMIN',134),('Operator-FAHUTAN',134),('ADMIN',135),('Operator-Pascasarjana',135),('ADMIN',136),('Operator-FAHUTAN',136),('ADMIN',137),('Operator-FKIP',137),('ADMIN',138),('Operator-FK',138),('ADMIN',139),('Operator-FK',139),('ADMIN',140),('Operator-FISIPOL',140),('ADMIN',141),('Operator-FH',141),('ADMIN',143),('Operator-FKIP',143),('ADMIN',144),('Operator-FKIP',144),('ADMIN',145),('Operator-FKIP',145),('ADMIN',146),('Operator-FAPERTA',146),('ADMIN',147),('Operator-FAPERTA',147),('ADMIN',148),('Operator-FPIK',148),('ADMIN',149),('Operator-Pascasarjana',149),('ADMIN',150),('Operator-FKIP',150),('ADMIN',151),('Operator-FTEKNIK',151),('ADMIN',152),('Operator-FTEKNIK',152),('ADMIN',153),('Operator-FIB',153),('ADMIN',154),('Operator-FKIP',154),('ADMIN',155),('Operator-FKIP',155),('ADMIN',160),('Operator-FARMASI',160),('ADMIN',161),('Operator-FKIP',161),('ADMIN',162),('Operator-FKIP',162),('ADMIN',163),('Operator-FARMASI',163);

/*Table structure for table `s_user_modul_group_ref` */

DROP TABLE IF EXISTS `s_user_modul_group_ref`;

CREATE TABLE `s_user_modul_group_ref` (
  `susrmdgroupNama` varchar(50) COLLATE utf8_unicode_ci NOT NULL,
  `susrmdgroupDisplay` varchar(100) COLLATE utf8_unicode_ci DEFAULT NULL,
  `susrmdgroupIcon` varchar(100) COLLATE utf8_unicode_ci DEFAULT NULL,
  PRIMARY KEY (`susrmdgroupNama`)
) ENGINE=InnoDB DEFAULT CHARSET=utf8 COLLATE=utf8_unicode_ci;

/*Data for the table `s_user_modul_group_ref` */

insert  into `s_user_modul_group_ref`(`susrmdgroupNama`,`susrmdgroupDisplay`,`susrmdgroupIcon`) values ('admin','Administrator','security');

/*Table structure for table `s_user_modul_ref` */

DROP TABLE IF EXISTS `s_user_modul_ref`;

CREATE TABLE `s_user_modul_ref` (
  `susrmodulNama` varchar(255) COLLATE utf8_unicode_ci NOT NULL DEFAULT '' COMMENT 'Nama Modul',
  `susrmodulNamaDisplay` varchar(255) COLLATE utf8_unicode_ci DEFAULT NULL COMMENT 'Display Modul',
  `susrmodulSusrmdgroupNama` varchar(50) COLLATE utf8_unicode_ci DEFAULT NULL,
  `susrmodulIsLogin` tinyint(4) DEFAULT '1',
  `susrmodulUrut` int(11) DEFAULT NULL,
  PRIMARY KEY (`susrmodulNama`),
  KEY `susrmodulSusrmdgroupNama` (`susrmodulSusrmdgroupNama`)
) ENGINE=InnoDB DEFAULT CHARSET=utf8 COLLATE=utf8_unicode_ci COMMENT='modul yg bisa diakses oleh group';

/*Data for the table `s_user_modul_ref` */

insert  into `s_user_modul_ref`(`susrmodulNama`,`susrmodulNamaDisplay`,`susrmodulSusrmdgroupNama`,`susrmodulIsLogin`,`susrmodulUrut`) values ('hakakses','Hak Akses','admin',1,NULL),('hakaksesmodul','Hak Akses Modul','admin',1,NULL),('hakaksesunit','Hak Akses Unit','admin',1,NULL),('login','Login',NULL,0,3),('mapunit','Mapping Unit','admin',1,NULL),('pengguna','Pengguna','admin',1,NULL);

/*!40101 SET SQL_MODE=@OLD_SQL_MODE */;
/*!40014 SET FOREIGN_KEY_CHECKS=@OLD_FOREIGN_KEY_CHECKS */;
/*!40014 SET UNIQUE_CHECKS=@OLD_UNIQUE_CHECKS */;
/*!40111 SET SQL_NOTES=@OLD_SQL_NOTES */;
